"","Dia","Paradas","Volumen","dist_minima"
"1","1",774,424.569822883969,558.511991375674
"2","2",679,344.322266507753,386.072774048728
"3","3",703,409.711470061218,556.103936451767
"4","4",659,461.079313665274,424.821521659075
"5","5",660,395.129809096838,488.446996501051
"6","6",502,222.992886381286,249.314021870125
