"","Dia","Paradas","Volumen"
"1","1",770,420.958994125368
"2","2",694,349.427231304396
"3","3",707,408.321093470262
"4","4",667,470.479919571289
"5","5",671,400.131014446395
"6","6",468,208.487315678628
